Metric,Value
Accuracy,0.9998879350920052
Precision,0.9998828308076863
Recall,0.9999218841542007
F1 Score,0.9999023570996153
