Metric,Value
Accuracy,0.999977587018401
Precision,1.0
Recall,0.9999609420771003
F1 Score,0.9999804706571623
